course,link
starter,http://www.italianfoodforever.com/2012/05/spinach-ricotta-cheese-savory-tart/
starter,http://www.italianfoodforever.com/2014/01/spinach-puffs/
main,http://www.italianfoodforever.com/2014/04/spinach-rice-crustless-pie/
starter,http://www.italianfoodforever.com/2016/07/sunflower-spinach-puff-pastry-tart/
sauce,http://www.italianfoodforever.com/2017/05/braised-artichokes-in-tomato-sauce/
starter,http://www.italianfoodforever.com/2019/01/sauteed-garlicky-spinach/
main,http://www.italianfoodforever.com/2012/08/grilled-peppers-onions/
main,http://www.italianfoodforever.com/2011/01/barley-stuffed-peppers/
main,http://www.italianfoodforever.com/2008/05/stuffed-peppers/
main,http://www.italianfoodforever.com/2014/09/creamy-mushroom-risotto-with-thyme-mascarpone-cheese/
main,http://www.italianfoodforever.com/2008/06/stuffed-onions/
main,http://www.italianfoodforever.com/2009/06/roasted-onions/
main,https://www.italianfoodforever.com/2014/02/cheesy-potato-broccoli-torta/
main,https://www.italianfoodforever.com/2010/02/broccoli-bisque-with-gremolata/
main,https://www.italianfoodforever.com/2008/08/roasted-broccoli/
salad,https://www.italianfoodforever.com/2018/06/broccoli-blueberry-mango-salad/
main,http://www.italianfoodforever.com/2014/08/zucchini-corn-fritters/
starter,http://www.italianfoodforever.com/2018/05/grilled-corn/
main,http://www.wholesomelicious.com/vegetable-garden-pasta/
main,https://theblondcook.com/baked-italian-zucchini-tomatoes-and-onions/
main,https://www.bowlofdelicious.com/italian-vegetarian-stuffed-mushrooms/
soup,https://www.bowlofdelicious.com/mushroom-brie-soup/
starter,http://www.italianfoodforever.com/2008/06/roasted-beets/
starter,http://www.italianfoodforever.com/2018/01/roasted-carrots-beets-with-carrot-top-pesto/
starter,http://www.italianfoodforever.com/2013/03/farro-salad-with-roasted-beets-goat-cheese-walnuts/
starter,http://www.italianfoodforever.com/2012/02/orange-anise-roasted-beets/
starter,http://www.italianfoodforever.com/2008/07/sweet-and-sour-roasted-beets-and-onions/
salad,http://www.italianfoodforever.com/2008/05/bitter-greens-salad-with-roasted-beets-and-orange-vinaigrette/
starter,http://www.italianfoodforever.com/2017/10/brussels-sprouts-with-grapes-walnuts/
main,http://www.italianfoodforever.com/2014/10/brussels-sprouts-gratin/
salad,http://www.italianfoodforever.com/2014/10/fall-farro-salad-with-roasted-brussels-sprouts-pumpkin-cranberries-walnuts/
main,http://www.italianfoodforever.com/2015/02/brussels-sprouts-guanciale-pasta/
starter,http://www.italianfoodforever.com/2008/05/pan-roasted-brussel-sprouts/
main,http://www.italianfoodforever.com/2015/03/brussels-sprouts-pizza-with-guanciale-kalamata-olives/
starter,http://www.italianfoodforever.com/2011/11/oven-roasted-brussels-sprouts/
dessert,http://www.italianfoodforever.com/2011/04/banana-coconut-bread/
dessert,http://www.italianfoodforever.com/2012/10/blackberry-pear-crisp/
dessert,http://www.italianfoodforever.com/2012/09/wild-blackberry-lemon-quick-bread/
dessert,http://www.italianfoodforever.com/2011/08/blackberry-apple-cake/
dessert,http://www.italianfoodforever.com/2012/08/blackberry-snack-cake/
dessert,http://www.italianfoodforever.com/2014/02/apple-olive-oil-cake/
dessert,http://www.italianfoodforever.com/2016/09/spiced-pumpkin-apple-cake/
dessert,http://www.italianfoodforever.com/2016/11/fall-harvest-salad-with-butternut-squash-kale-apples-cranberries/
salad,http://www.italianfoodforever.com/2017/01/broccoli-apple-salad/
salad,http://www.italianfoodforever.com/2017/01/celery-root-green-apple-salad/
dessert,http://www.italianfoodforever.com/2017/08/applesauce-bran-muffins/
dessert,http://www.italianfoodforever.com/2018/05/einkorn-apple-cinnamon-bars/
dessert,http://www.italianfoodforever.com/2018/07/umbrian-apple-cinnamon-cake/
dessert,http://www.italianfoodforever.com/2013/09/apple-farro-muffins/
dessert,http://www.italianfoodforever.com/2011/11/pumpkin-tiramisu/
dessert,http://www.italianfoodforever.com/2011/11/4763/
dessert,http://www.italianfoodforever.com/2011/11/2975/
starter,http://www.italianfoodforever.com/2014/10/pumpkin-focaccia-with-fresh-sage-sea-salt/
soup,http://www.italianfoodforever.com/2017/09/spiced-pumpkin-soup/
starter,http://www.italianfoodforever.com/2016/11/pumpkin-gingerbread-loaf/
dessert,http://www.italianfoodforever.com/2017/10/chocolate-pumpkin-bundt-cake/
dessert,http://www.italianfoodforever.com/2017/12/pumpkin-bran-muffins/
soup,http://www.italianfoodforever.com/2009/10/roasted-pumpkin-and-pear-soup/
main,http://www.italianfoodforever.com/2018/07/potatoes-with-tomatoes-and-basil/
dessert,http://www.italianfoodforever.com/2010/01/lemon-blueberry-quick-loaf/
starter,http://www.italianfoodforever.com/2008/06/lemon-bread/
dessert,http://www.italianfoodforever.com/2009/07/lemon-lavender-gelato/
starter,http://www.italianfoodforever.com/2014/05/lemon-olive-oil-rosemary-loaf/
main,http://www.italianfoodforever.com/2016/03/pan-fried-potato-gnocchi-with-lemon/
dessert,http://www.italianfoodforever.com/2016/04/lemon-ricotta-cheesecake-with-blueberry-sauce/
dessert,http://www.italianfoodforever.com/2016/09/lemon-thyme-butter-cookies/
dessert,http://www.italianfoodforever.com/2017/11/lemon-olive-oil-biscotti-with-almonds/
salad,http://www.italianfoodforever.com/2018/06/grilled-warm-potato-salad/
